{
  "3": {
    "transform": {
      "scale_x": 4.215269086357948,
      "scale_y": 4.211822660098522,
      "dx": -362.40488110137676,
      "dy": -10.435960591132982
    },
    "mapping": {
      "ph0": 20,
      "ph1": 17,
      "ph2": 19,
      "ph3": 124,
      "ph4": 122,
      "ph5": 123
    }
  }
}